start;measure
0.458662132;1
2.869886621;2
5.190453515;3
7.616938776;4
9.921746032;5
