Start;Duration;Pitch;Velocity;Label
0.25;0.4;60;0.9921875;piano
0.75;0.4;64;0.9921875;piano
1.25;0.4;67;0.9921875;piano
1.75;0.4;72;0.9921875;piano
