Start;Duration;Pitch;Velocity;Label
0.25;0.8;60;0.9921875;piano
1.25;0.8;64;0.9921875;piano
2.25;0.8;67;0.9921875;piano
3.25;0.8;72;0.9921875;piano
