{
    "alto":{
        "amplitudes":[
            0.35714285714285715,
            0.28571428571428575,
            0.2142857142857143,
            0.14285714285714288
        ],
        "envelope":null,
        "partials":[
            1.0,
            1.5,
            2.5,
            3.5
        ]
    },
    "bass":{
        "amplitudes":[
            0.35714285714285715,
            0.28571428571428575,
            0.2142857142857143,
            0.14285714285714288
        ],
        "envelope":null,
        "partials":[
            1.0,
            1.5,
            2.2,
            2.9
        ]
    },
    "bassoon":{
        "amplitudes":[
            0.34364261168384885,
            0.2061855670103093,
            0.13745704467353953,
            0.10309278350515465,
            0.06872852233676977,
            0.051546391752577324,
            0.03436426116838488,
            0.027491408934707907,
            0.01718213058419244,
            0.010309278350515465
        ],
        "envelope":null,
        "partials":[
            1,
            2,
            3,
            4,
            5,
            6,
            7,
            8,
            9,
            10
        ]
    },
    "clarinet":{
        "amplitudes":[
            0.3322259136212625,
            0.23255813953488375,
            0.13289036544850502,
            0.09966777408637875,
            0.06644518272425251,
            0.049833887043189376,
            0.033222591362126255,
            0.026578073089701004,
            0.016611295681063128,
            0.009966777408637875
        ],
        "envelope":null,
        "partials":[
            1,
            2,
            3,
            4,
            5,
            6,
            7,
            8,
            9,
            10
        ]
    },
    "saxophone":{
        "amplitudes":[
            0.41152263374485604,
            0.20576131687242802,
            0.1234567901234568,
            0.08230452674897121,
            0.0617283950617284,
            0.041152263374485604,
            0.03292181069958848,
            0.020576131687242802,
            0.01234567901234568,
            0.00823045267489712
        ],
        "envelope":null,
        "partials":[
            1,
            2,
            3,
            4,
            5,
            6,
            7,
            8,
            9,
            10
        ]
    },
    "soprano":{
        "amplitudes":[
            0.35714285714285715,
            0.28571428571428575,
            0.2142857142857143,
            0.14285714285714288
        ],
        "envelope":null,
        "partials":[
            1.0,
            2.0,
            3.0,
            4.5
        ]
    },
    "tenor":{
        "amplitudes":[
            0.35714285714285715,
            0.28571428571428575,
            0.2142857142857143,
            0.14285714285714288
        ],
        "envelope":null,
        "partials":[
            1.0,
            1.8,
            2.7,
            3.6
        ]
    },
    "violin":{
        "amplitudes":[
            0.3952569169960475,
            0.23715415019762848,
            0.11857707509881424,
            0.0790513833992095,
            0.05928853754940712,
            0.03952569169960475,
            0.0316205533596838,
            0.019762845849802375,
            0.011857707509881424,
            0.00790513833992095
        ],
        "envelope":null,
        "partials":[
            1,
            2,
            3,
            4,
            5,
            6,
            7,
            8,
            9,
            10
        ]
    },
    "sinusoid":{
        "amplitudes":[1.0],
        "envelope":null,
        "partials":[1]
    }
}